field_tesla,moment_Am2_per_kg
1.0,0.2827
0.9989,0.2825
0.996,0.282
0.9919,0.2813
0.9873,0.2806
0.9825,0.2799
0.9777,0.2791
0.9727,0.2782
0.9676,0.2774
0.9626,0.2765
0.9577,0.2756
0.9527,0.2747
0.9476,0.2738
0.9426,0.2729
0.9377,0.272
0.9326,0.2711
0.9276,0.2702
0.9226,0.2694
0.9177,0.2686
0.9128,0.2679
0.9077,0.2671
0.9027,0.2663
0.8977,0.2654
0.8928,0.2646
0.8877,0.2637
0.8827,0.2628
0.8777,0.2619
0.8727,0.261
0.8677,0.2601
0.8626,0.2592
0.8577,0.2585
0.8527,0.2578
0.8477,0.2571
0.8426,0.2563
0.8376,0.2554
0.8327,0.2545
0.8278,0.2535
0.8228,0.2526
0.8177,0.2517
0.8127,0.2509
0.8077,0.2501
0.8027,0.2493
0.7976,0.2484
0.7926,0.2475
0.7877,0.2466
0.7827,0.2457
0.7776,0.2449
0.7726,0.2441
0.7677,0.2434
0.7626,0.2426
0.7576,0.2418
0.7526,0.2409
0.7477,0.24
0.7428,0.2391
0.7377,0.2381
0.7327,0.2373
0.7277,0.2366
0.7228,0.2358
0.7177,0.2349
0.7127,0.234
0.7077,0.2331
0.7027,0.2321
0.6977,0.2312
0.6926,0.2303
0.6877,0.2294
0.6827,0.2285
0.6777,0.2276
0.6726,0.2267
0.6676,0.2259
0.6627,0.225
0.6578,0.2241
0.6528,0.2233
0.6477,0.2224
0.6427,0.2215
0.6378,0.2206
0.6328,0.2197
0.6277,0.2189
0.6227,0.218
0.6178,0.2172
0.6127,0.2163
0.6076,0.2154
0.6026,0.2145
0.5977,0.2136
0.5927,0.2127
0.5876,0.2118
0.5826,0.211
0.5777,0.2101
0.5728,0.2093
0.5677,0.2084
0.5627,0.2075
0.5577,0.2066
0.5528,0.2057
0.5477,0.2048
0.5427,0.2039
0.5377,0.203
0.5327,0.2021
0.5277,0.2012
0.5226,0.2003
0.5176,0.1994
0.5127,0.1986
0.5078,0.1977
0.5028,0.1967
0.4977,0.1958
0.4928,0.1949
0.4878,0.194
0.4828,0.1931
0.4777,0.1922
0.4727,0.1913
0.4678,0.1905
0.4628,0.1896
0.4577,0.1886
0.4527,0.1877
0.4478,0.1869
0.4427,0.1859
0.4377,0.185
0.4327,0.1841
0.4278,0.1832
0.4229,0.1823
0.4178,0.1814
0.4128,0.1804
0.4077,0.1794
0.4028,0.1785
0.3977,0.1775
0.3927,0.1765
0.3877,0.1756
0.3828,0.1747
0.3777,0.1738
0.3727,0.1728
0.3677,0.1718
0.3627,0.1708
0.3577,0.1698
0.3526,0.1687
0.3476,0.1677
0.3427,0.1667
0.3378,0.1657
0.3328,0.1646
0.3277,0.1636
0.3227,0.1625
0.3178,0.1615
0.3128,0.1605
0.3077,0.1594
0.3027,0.1583
0.2978,0.1572
0.2927,0.1561
0.2877,0.155
0.2827,0.1539
0.2778,0.1528
0.2727,0.1516
0.2677,0.1504
0.2627,0.1493
0.2577,0.1482
0.2528,0.1472
0.2478,0.146
0.2428,0.1448
0.2378,0.1435
0.2329,0.1422
0.2278,0.1408
0.2228,0.1395
0.2178,0.1381
0.2128,0.1368
0.2078,0.1354
0.2027,0.1339
0.1977,0.1325
0.1928,0.1311
0.1877,0.1296
0.1827,0.128
0.1777,0.1265
0.1727,0.1249
0.1678,0.1233
0.1628,0.1216
0.1578,0.1198
0.1528,0.1181
0.1478,0.1163
0.1428,0.1144
0.1377,0.1125
0.1328,0.1105
0.1278,0.1085
0.1228,0.1064
0.1177,0.1042
0.1127,0.102
0.1078,0.09981
0.1027,0.0974
0.09769,0.0949
0.0927,0.09234
0.08777,0.08972
0.08285,0.08702
0.07784,0.08413
0.07279,0.0811
0.0678,0.07799
0.06286,0.07475
0.05782,0.0713
0.05276,0.06768
0.04778,0.06394
0.04284,0.06005
0.0378,0.05584
0.03274,0.05138
0.02776,0.04671
0.02281,0.04179
0.01777,0.0364
0.01272,0.03057
0.007731,0.02438
0.002786,0.0177
-0.002127,0.0105
-0.007152,0.002603
-0.01221,-0.0056
-0.01719,-0.01368
-0.02212,-0.02142
-0.02716,-0.0289
-0.03222,-0.03592
-0.03721,-0.04235
-0.04215,-0.04823
-0.04719,-0.05376
-0.05225,-0.0589
-0.05724,-0.06361
-0.06217,-0.06793
-0.06721,-0.07205
-0.07226,-0.07594
-0.07725,-0.07954
-0.08219,-0.08289
-0.0871,-0.08603
-0.09212,-0.08909
-0.09717,-0.092
-0.1022,-0.09475
-0.1071,-0.09735
-0.1121,-0.0999
-0.1172,-0.1024
-0.1222,-0.1047
-0.1271,-0.1069
-0.1322,-0.1091
-0.1372,-0.1112
-0.1422,-0.1132
-0.1471,-0.1151
-0.1522,-0.1171
-0.1572,-0.1189
-0.1622,-0.1207
-0.1672,-0.1224
-0.1721,-0.1241
-0.1771,-0.1258
-0.1821,-0.1274
-0.1871,-0.129
-0.1921,-0.1305
-0.1971,-0.132
-0.2022,-0.1335
-0.2072,-0.135
-0.2121,-0.1364
-0.2172,-0.1378
-0.2222,-0.1391
-0.2272,-0.1404
-0.2322,-0.1417
-0.2372,-0.1429
-0.2423,-0.1442
-0.2472,-0.1454
-0.2522,-0.1467
-0.2571,-0.148
-0.2621,-0.1492
-0.2671,-0.1503
-0.2721,-0.1515
-0.2771,-0.1526
-0.2821,-0.1537
-0.2871,-0.1548
-0.2921,-0.1559
-0.2971,-0.157
-0.3021,-0.158
-0.3072,-0.1591
-0.3122,-0.1601
-0.3171,-0.1612
-0.3221,-0.1622
-0.3272,-0.1633
-0.3322,-0.1644
-0.3371,-0.1654
-0.342,-0.1664
-0.347,-0.1674
-0.3521,-0.1684
-0.3571,-0.1694
-0.362,-0.1703
-0.367,-0.1713
-0.3721,-0.1723
-0.3771,-0.1732
-0.382,-0.1741
-0.3871,-0.1751
-0.3921,-0.1761
-0.3971,-0.1771
-0.402,-0.178
-0.4071,-0.179
-0.4122,-0.1799
-0.4172,-0.1808
-0.4221,-0.1817
-0.427,-0.1826
-0.4321,-0.1835
-0.4371,-0.1845
-0.4421,-0.1854
-0.447,-0.1864
-0.4521,-0.1873
-0.4571,-0.1882
-0.4621,-0.1891
-0.4671,-0.19
-0.4721,-0.1909
-0.4771,-0.1918
-0.4821,-0.1927
-0.4871,-0.1936
-0.492,-0.1945
-0.497,-0.1953
-0.502,-0.1962
-0.507,-0.1971
-0.512,-0.198
-0.517,-0.199
-0.522,-0.2
-0.527,-0.2008
-0.532,-0.2017
-0.537,-0.2025
-0.5421,-0.2034
-0.547,-0.2043
-0.552,-0.2051
-0.557,-0.206
-0.5621,-0.2069
-0.5671,-0.2077
-0.572,-0.2086
-0.5769,-0.2094
-0.5819,-0.2103
-0.587,-0.2111
-0.5919,-0.212
-0.5969,-0.2128
-0.6019,-0.2137
-0.607,-0.2146
-0.612,-0.2155
-0.6169,-0.2164
-0.622,-0.2173
-0.627,-0.2181
-0.632,-0.2189
-0.6369,-0.2198
-0.642,-0.2206
-0.647,-0.2215
-0.652,-0.2223
-0.657,-0.2231
-0.6619,-0.224
-0.6669,-0.2249
-0.6719,-0.2257
-0.6769,-0.2265
-0.6818,-0.2273
-0.6869,-0.2281
-0.6919,-0.2291
-0.6969,-0.2301
-0.7018,-0.2311
-0.7069,-0.2321
-0.7119,-0.233
-0.7169,-0.2338
-0.7219,-0.2346
-0.7269,-0.2354
-0.7319,-0.2362
-0.7369,-0.237
-0.7419,-0.2377
-0.7468,-0.2386
-0.7518,-0.2394
-0.7568,-0.2403
-0.7618,-0.2411
-0.7667,-0.2419
-0.7717,-0.2427
-0.7768,-0.2435
-0.7818,-0.2444
-0.7867,-0.2452
-0.7917,-0.2461
-0.7968,-0.247
-0.8018,-0.2478
-0.8067,-0.2486
-0.8118,-0.2494
-0.8168,-0.2503
-0.8218,-0.2511
-0.8268,-0.252
-0.8317,-0.2529
-0.8367,-0.2538
-0.8417,-0.2546
-0.8467,-0.2554
-0.8516,-0.2561
-0.8567,-0.2569
-0.8617,-0.2577
-0.8667,-0.2585
-0.8716,-0.2594
-0.8767,-0.2602
-0.8817,-0.2611
-0.8867,-0.262
-0.8916,-0.2628
-0.8966,-0.2637
-0.9017,-0.2645
-0.9067,-0.2653
-0.9116,-0.2661
-0.9165,-0.2669
-0.9215,-0.2677
-0.9265,-0.2686
-0.9315,-0.2694
-0.9364,-0.2703
-0.9414,-0.2712
-0.9465,-0.272
-0.9515,-0.2728
-0.9564,-0.2736
-0.9614,-0.2744
-0.9665,-0.2752
-0.9715,-0.276
-0.9764,-0.2769
-0.9814,-0.2777
-0.9865,-0.2786
-0.9989,-0.2806
-0.9989,-0.2806
-0.9976,-0.2803
-0.9946,-0.2799
-0.9906,-0.2793
-0.986,-0.2786
-0.9812,-0.2778
-0.9764,-0.2771
-0.9714,-0.2762
-0.9663,-0.2754
-0.9613,-0.2745
-0.9564,-0.2737
-0.9514,-0.2728
-0.9463,-0.272
-0.9413,-0.2711
-0.9364,-0.2703
-0.9314,-0.2695
-0.9264,-0.2687
-0.9214,-0.2678
-0.9165,-0.267
-0.9116,-0.2662
-0.9065,-0.2654
-0.9015,-0.2646
-0.8965,-0.2639
-0.8916,-0.2631
-0.8866,-0.2622
-0.8815,-0.2613
-0.8766,-0.2604
-0.8716,-0.2596
-0.8666,-0.2587
-0.8616,-0.2578
-0.8566,-0.257
-0.8517,-0.2561
-0.8466,-0.2552
-0.8416,-0.2544
-0.8366,-0.2535
-0.8317,-0.2527
-0.8268,-0.2518
-0.8217,-0.251
-0.8167,-0.2502
-0.8117,-0.2494
-0.8067,-0.2485
-0.8017,-0.2477
-0.7966,-0.2468
-0.7916,-0.246
-0.7867,-0.2451
-0.7817,-0.2442
-0.7766,-0.2434
-0.7717,-0.2425
-0.7667,-0.2418
-0.7617,-0.241
-0.7567,-0.2403
-0.7517,-0.2396
-0.7467,-0.2388
-0.7418,-0.238
-0.7368,-0.2371
-0.7318,-0.2363
-0.7268,-0.2354
-0.7219,-0.2346
-0.7168,-0.2338
-0.7118,-0.2329
-0.7068,-0.2321
-0.7019,-0.2312
-0.6968,-0.2303
-0.6918,-0.2294
-0.6868,-0.2285
-0.6819,-0.2276
-0.6768,-0.2267
-0.6718,-0.2258
-0.6668,-0.2249
-0.6619,-0.2241
-0.6569,-0.2232
-0.6519,-0.2223
-0.6469,-0.2214
-0.6419,-0.2205
-0.637,-0.2196
-0.6319,-0.2187
-0.6269,-0.2178
-0.6219,-0.2169
-0.6169,-0.2161
-0.6119,-0.2152
-0.6068,-0.2143
-0.6018,-0.2134
-0.5969,-0.2126
-0.5918,-0.2117
-0.5868,-0.2108
-0.5818,-0.21
-0.5769,-0.2091
-0.572,-0.2082
-0.5669,-0.2074
-0.5619,-0.2065
-0.5569,-0.2056
-0.552,-0.2048
-0.5469,-0.2039
-0.5419,-0.203
-0.5369,-0.2021
-0.532,-0.2012
-0.5269,-0.2003
-0.5219,-0.1994
-0.5169,-0.1985
-0.512,-0.1976
-0.5071,-0.1968
-0.502,-0.1959
-0.497,-0.195
-0.492,-0.1941
-0.4871,-0.1933
-0.482,-0.1924
-0.477,-0.1915
-0.472,-0.1906
-0.4671,-0.1897
-0.462,-0.1888
-0.457,-0.1879
-0.452,-0.187
-0.447,-0.1861
-0.442,-0.1852
-0.437,-0.1843
-0.432,-0.1834
-0.427,-0.1826
-0.4221,-0.1817
-0.4171,-0.1807
-0.412,-0.1797
-0.407,-0.1787
-0.402,-0.1778
-0.397,-0.1768
-0.3919,-0.1758
-0.3869,-0.1749
-0.382,-0.1739
-0.377,-0.173
-0.3719,-0.172
-0.367,-0.171
-0.362,-0.17
-0.357,-0.169
-0.3519,-0.1681
-0.3469,-0.1671
-0.342,-0.1661
-0.3371,-0.1651
-0.3321,-0.164
-0.327,-0.163
-0.322,-0.1619
-0.3171,-0.1608
-0.3121,-0.1598
-0.307,-0.1588
-0.302,-0.1577
-0.2971,-0.1567
-0.292,-0.1557
-0.287,-0.1546
-0.282,-0.1535
-0.2771,-0.1524
-0.272,-0.1513
-0.267,-0.1502
-0.262,-0.1491
-0.2571,-0.1479
-0.2521,-0.1468
-0.2471,-0.1456
-0.2421,-0.1444
-0.2371,-0.1431
-0.2322,-0.1418
-0.2271,-0.1405
-0.2221,-0.1392
-0.2171,-0.1378
-0.2121,-0.1365
-0.2071,-0.1351
-0.202,-0.1337
-0.197,-0.1323
-0.1921,-0.1309
-0.187,-0.1294
-0.182,-0.1279
-0.177,-0.1263
-0.172,-0.1247
-0.1671,-0.123
-0.1621,-0.1213
-0.1571,-0.1196
-0.1521,-0.1179
-0.1471,-0.1161
-0.1421,-0.1142
-0.137,-0.1123
-0.1321,-0.1103
-0.1271,-0.1082
-0.1221,-0.1061
-0.117,-0.1039
-0.112,-0.1017
-0.1071,-0.09938
-0.1021,-0.09697
-0.097,-0.09447
-0.09201,-0.0919
-0.08707,-0.08927
-0.08216,-0.08657
-0.07714,-0.08369
-0.07209,-0.08067
-0.06711,-0.07757
-0.06217,-0.07435
-0.05714,-0.07092
-0.05208,-0.06732
-0.04708,-0.0636
-0.04215,-0.05972
-0.03711,-0.05551
-0.03205,-0.05104
-0.02706,-0.04637
-0.02213,-0.04144
-0.01709,-0.03602
-0.01203,-0.03018
-0.007037,-0.02393
-0.002087,-0.0172
0.002826,-0.009979
0.00785,-0.002088
0.0129,0.006094
0.0179,0.01413
0.02284,0.02182
0.02787,0.02925
0.03292,0.03621
0.03791,0.04258
0.04284,0.04839
0.04788,0.05385
0.05293,0.05893
0.05792,0.06359
0.06286,0.06791
0.0679,0.07199
0.07295,0.07583
0.07794,0.0794
0.08288,0.08273
0.08779,0.08587
0.09281,0.08894
0.09786,0.09186
0.1028,0.09461
0.1078,0.09722
0.1128,0.09975
0.1179,0.1022
0.1229,0.1045
0.1278,0.1067
0.1329,0.1089
0.1379,0.111
0.1429,0.113
0.1478,0.115
0.1529,0.1169
0.1579,0.1187
0.1629,0.1205
0.1679,0.1222
0.1728,0.1239
0.1778,0.1255
0.1828,0.1271
0.1878,0.1286
0.1928,0.1301
0.1978,0.1317
0.2029,0.1331
0.2079,0.1346
0.2128,0.136
0.2179,0.1373
0.2229,0.1387
0.2279,0.14
0.2329,0.1413
0.2379,0.1426
0.2429,0.1438
0.2479,0.145
0.2529,0.1462
0.2578,0.1475
0.2628,0.1487
0.2678,0.1499
0.2728,0.151
0.2778,0.1522
0.2828,0.1533
0.2878,0.1545
0.2928,0.1556
0.2978,0.1566
0.3028,0.1577
0.3079,0.1588
0.3129,0.1599
0.3178,0.1609
0.3228,0.1619
0.3279,0.163
0.3329,0.164
0.3378,0.165
0.3427,0.166
0.3477,0.167
0.3528,0.168
0.3578,0.169
0.3627,0.17
0.3678,0.171
0.3728,0.172
0.3778,0.1729
0.3827,0.1739
0.3878,0.1748
0.3928,0.1758
0.3978,0.1768
0.4028,0.1777
0.4079,0.1786
0.4129,0.1796
0.4179,0.1805
0.4229,0.1814
0.4278,0.1823
0.4328,0.1833
0.4379,0.1842
0.4428,0.1851
0.4478,0.186
0.4528,0.1869
0.4579,0.1878
0.4629,0.1887
0.4678,0.1896
0.4728,0.1905
0.4779,0.1914
0.4829,0.1923
0.4878,0.1932
0.4927,0.1941
0.4977,0.195
0.5028,0.1959
0.5078,0.1968
0.5127,0.1976
0.5178,0.1985
0.5228,0.1993
0.5278,0.2001
0.5327,0.201
0.5378,0.2019
0.5428,0.2028
0.5478,0.2037
0.5528,0.2047
0.5578,0.2057
0.5629,0.2066
0.5678,0.2075
0.5728,0.2083
0.5777,0.2092
0.5827,0.21
0.5878,0.2109
0.5928,0.2117
0.5977,0.2125
0.6027,0.2134
0.6078,0.2142
0.6128,0.2151
0.6177,0.2159
0.6228,0.2169
0.6279,0.2178
0.6328,0.2186
0.6378,0.2195
0.6428,0.2203
0.6479,0.2212
0.6529,0.222
0.6578,0.2228
0.6627,0.2236
0.6677,0.2245
0.6728,0.2253
0.6778,0.2262
0.6827,0.227
0.6878,0.2278
0.6928,0.2287
0.6978,0.2295
0.7027,0.2304
0.7078,0.2312
0.7128,0.232
0.7178,0.2329
0.7228,0.2337
0.7278,0.2345
0.7328,0.2354
0.7378,0.2362
0.7428,0.2371
0.7477,0.2379
0.7527,0.2388
0.7577,0.2396
0.7627,0.2405
0.7677,0.2413
0.7727,0.2422
0.7778,0.2431
0.7827,0.2439
0.7877,0.2447
0.7927,0.2456
0.7978,0.2464
0.8028,0.2472
0.8077,0.2481
0.8128,0.249
0.8179,0.25
0.8229,0.2509
0.8278,0.2517
0.8327,0.2525
0.8377,0.2533
0.8428,0.2541
0.8478,0.2549
0.8527,0.2558
0.8578,0.2566
0.8628,0.2575
0.8678,0.2583
0.8727,0.2591
0.8778,0.2599
0.8828,0.2607
0.8878,0.2615
0.8928,0.2623
0.8978,0.2631
0.9028,0.264
0.9078,0.2648
0.9128,0.2656
0.9177,0.2664
0.9227,0.2672
0.9278,0.268
0.9327,0.2689
0.9377,0.2697
0.9427,0.2705
0.9478,0.2713
0.9528,0.2722
0.9577,0.2731
0.9627,0.274
0.9678,0.275
0.9728,0.276
0.9777,0.2768
0.9828,0.2777
0.9878,0.2786
1.0,0.2805
